{
  "Content_name": "S",
  "BoundingBox_center": [0.0, 0.0, 2.5],
  "Fps": 30,
  "Frames_number": 100,
  "Informative": { "Cameras_number": 14, "RigRadius": 4.0 },
  "lengthsInMeters": false,
  "sourceCameraNames": [
	"v00",
	"v01",
    "v02",
    "v03",
    "v04",
    "v05",
    "v06",
    "v07",
    "v08",
    "v09",
    "v10",
    "v11",
    "v12",
    "v13",
    "v14",
    "v15",
    "v16",
    "v17",
    "v18",
    "v19",
    "v20",
    "v21",
    "v22",
    "v23",
    "v24",
    "v25",
    "v26",
    "v27",
    "v28",
    "v29"

  ],
  "cameras": [
    {
      "Name": "viewport",
      "Position": [ -37.46, -45.98, 71.5 ],
      "Rotation": [ 40.268441400491206, -3.8183799397667086, 132.5599237938102 ],
      "Depthmap": 1,
      "Background": 1,
      "HasInvalidDepth": false,
      "Resolution": [ 2048, 1088 ],
      "Projection": "Perspective",
      "Focal": [ 1564.9725172131148, 1575.8469139344263 ],
      "Principle_point": [ 1024, 544 ],
      "BitDepthColor": 10,
      "BitDepthDepth": 16,
      "Depth_range": [ 20, 1000 ],
      "ColorSpace": "YUV420",
      "DepthColorSpace": "YUV420"
    },
    {
      "Name": "v00",
      "Position": [ -37.46, -45.98, 71.5 ],
      "Rotation": [ 40.268441400491206, -3.8183799397667086, 132.5599237938102 ],
      "Depthmap": 1,
      "Background": 1,
      "HasInvalidDepth": false,
      "Resolution": [ 2048, 1088 ],
      "Projection": "Perspective",
      "Focal": [ 1564.9725172131148, 1575.8469139344263 ],
      "Principle_point": [ 1024, 544 ],
      "BitDepthColor": 10,
      "BitDepthDepth": 16,
      "Depth_range": [ 20, 1000 ],
      "ColorSpace": "YUV420",
      "DepthColorSpace": "YUV420"
    },
    {
      "Name": "v01",
      "Position": [ -38.05, -42.65, 66.36 ],
      "Rotation": [ 38.57821460083664, -5.770199823700131, 129.0036408041545 ],
      "Depthmap": 1,
      "Background": 1,
      "HasInvalidDepth": false,
      "Resolution": [ 2048, 1088 ],
      "Projection": "Perspective",
      "Focal": [ 1564.9725172131148, 1575.8469139344263 ],
      "Principle_point": [ 1024, 544 ],
      "BitDepthColor": 10,
      "BitDepthDepth": 16,
      "Depth_range": [ 20, 1000 ],
      "ColorSpace": "YUV420",
      "DepthColorSpace": "YUV420"
    },
    {
      "Name": "v02",
      "Position": [ -38.4, -39.28, 61.1 ],
      "Rotation": [ 37.14991797021778, -8.230959362678306, 126.98724607851723 ],
      "Depthmap": 1,
      "Background": 1,
      "HasInvalidDepth": false,
      "Resolution": [ 2048, 1088 ],
      "Projection": "Perspective",
      "Focal": [ 1564.9725172131148, 1575.8469139344263 ],
      "Principle_point": [ 1024, 544 ],
      "BitDepthColor": 10,
      "BitDepthDepth": 16,
      "Depth_range": [ 20, 1000 ],
      "ColorSpace": "YUV420",
      "DepthColorSpace": "YUV420"
    },
    {
      "Name": "v03",
      "Position": [ -38.17, -35.91, 55.98 ],
      "Rotation": [ 35.012606006558, -10.053352028684587, 122.1897082575983 ],
      "Depthmap": 1,
      "Background": 1,
      "HasInvalidDepth": false,
      "Resolution": [ 2048, 1088 ],
      "Projection": "Perspective",
      "Focal": [ 1564.9725172131148, 1575.8469139344263 ],
      "Principle_point": [ 1024, 544 ],
      "BitDepthColor": 10,
      "BitDepthDepth": 16,
      "Depth_range": [ 20, 1000 ],
      "ColorSpace": "YUV420",
      "DepthColorSpace": "YUV420"
    },
    {
      "Name": "v04",
      "Position": [ -37.54, -32.36, 50.87 ],
      "Rotation": [ 34.13166370255438, -13.361243595308643, 121.78013165019959 ],
      "Depthmap": 1,
      "Background": 1,
      "HasInvalidDepth": false,
      "Resolution": [ 2048, 1088 ],
      "Projection": "Perspective",
      "Focal": [ 1552.03252, 1563.03515 ],
      "Principle_point": [ 1024, 544 ],
      "BitDepthColor": 10,
      "BitDepthDepth": 16,
      "Depth_range": [ 20, 1000 ],
      "ColorSpace": "YUV420",
      "DepthColorSpace": "YUV420"
    },
    {
      "Name": "v05",
      "Position": [ -37.02, -29.33, 45.9 ],
      "Rotation": [ 32.14877693543863, -15.497947688367905, 117.89966954476083 ],
      "Depthmap": 1,
      "Background": 1,
      "HasInvalidDepth": false,
      "Resolution": [ 2048, 1088 ],
      "Projection": "Perspective",
      "Focal": [ 1564.9725172131148, 1575.8469139344263 ],
      "Principle_point": [ 1024, 544 ],
      "BitDepthColor": 10,
      "BitDepthDepth": 16,
      "Depth_range": [ 20, 1000 ],
      "ColorSpace": "YUV420",
      "DepthColorSpace": "YUV420"
    },
    {
      "Name": "v06",
      "Position": [ -35.59, -25.85, 40.82 ],
      "Rotation": [ 29.964488230746692, -18.906073801027212, 118.08698942012138 ],
      "Depthmap": 1,
      "Background": 1,
      "HasInvalidDepth": false,
      "Resolution": [ 2048, 1088 ],
      "Projection": "Perspective",
      "Focal": [ 1564.9725172131148, 1575.8469139344263 ],
      "Principle_point": [ 1024, 544 ],
      "BitDepthColor": 10,
      "BitDepthDepth": 16,
      "Depth_range": [ 20, 1000 ],
      "ColorSpace": "YUV420",
      "DepthColorSpace": "YUV420"
    },
    {
      "Name": "v07",
      "Position": [ -34.2, -22.59, 35.91 ],
      "Rotation": [ 29.164998817563895, -21.903171204915903, 116.95228708070046 ],
      "Depthmap": 1,
      "Background": 1,
      "HasInvalidDepth": false,
      "Resolution": [ 2048, 1088 ],
      "Projection": "Perspective",
      "Focal": [ 1564.9725172131148, 1575.8469139344263 ],
      "Principle_point": [ 1024, 544 ],
      "BitDepthColor": 10,
      "BitDepthDepth": 16,
      "Depth_range": [ 20, 1000 ],
      "ColorSpace": "YUV420",
      "DepthColorSpace": "YUV420"
    },
    {
      "Name": "v08",
      "Position": [ -32.75, -19.55, 30.98 ],
      "Rotation": [ 27.66145181274684, -25.288908323433418, 114.78662036025197 ],
      "Depthmap": 1,
      "Background": 1,
      "HasInvalidDepth": false,
      "Resolution": [ 2048, 1088 ],
      "Projection": "Perspective",
      "Focal": [ 1564.9725172131148, 1575.8469139344263 ],
      "Principle_point": [ 1024, 544 ],
      "BitDepthColor": 10,
      "BitDepthDepth": 16,
      "Depth_range": [ 20, 1000 ],
      "ColorSpace": "YUV420",
      "DepthColorSpace": "YUV420"
    },
    {
      "Name": "v09",
      "Position": [ -30.55, -16.31, 26.33 ],
      "Rotation": [ 26.222071474483126, -29.615633394300996, 112.98031505860573 ],
      "Depthmap": 1,
      "Background": 1,
      "HasInvalidDepth": false,
      "Resolution": [ 2048, 1088 ],
      "Projection": "Perspective",
      "Focal": [ 1564.9725172131148, 1575.8469139344263 ],
      "Principle_point": [ 1024, 544 ],
      "BitDepthColor": 10,
      "BitDepthDepth": 16,
      "Depth_range": [ 20, 1000 ],
      "ColorSpace": "YUV420",
      "DepthColorSpace": "YUV420"
    },
    {
      "Name": "v10",
      "Position": [ -28.2, -13.25, 21.63 ],
      "Rotation": [ 23.737857440931066, -31.564144984205228, 110.60742132551394 ],
      "Depthmap": 1,
      "Background": 1,
      "HasInvalidDepth": false,
      "Resolution": [ 2048, 1088 ],
      "Projection": "Perspective",
      "Focal": [ 1564.9725172131148, 1575.8469139344263 ],
      "Principle_point": [ 1024, 544 ],
      "BitDepthColor": 10,
      "BitDepthDepth": 16,
      "Depth_range": [ 20, 1000 ],
      "ColorSpace": "YUV420",
      "DepthColorSpace": "YUV420"
    },
    {
      "Name": "v11",
      "Position": [ -25.59, -10.24, 17.08 ],
      "Rotation": [ 21.512858212709993, -35.32384521921324, 110.24433606761356 ],
      "Depthmap": 1,
      "Background": 1,
      "HasInvalidDepth": false,
      "Resolution": [ 2048, 1088 ],
      "Projection": "Perspective",
      "Focal": [ 1564.9725172131148, 1575.8469139344263 ],
      "Principle_point": [ 1024, 544 ],
      "BitDepthColor": 10,
      "BitDepthDepth": 16,
      "Depth_range": [ 20, 1000 ],
      "ColorSpace": "YUV420",
      "DepthColorSpace": "YUV420"
    },
    {
      "Name": "v12",
      "Position": [ -22.54, -7.27, 12.69 ],
      "Rotation": [ 19.963874713064907, -37.83826003533474, 108.28288196371571 ],
      "Depthmap": 1,